<clientes>
    <cliente>
        <numeroCliente>12345</numeroCliente>
        <nombre>Luis García</nombre>
        <direccion>
        <calle>calle de la princesa</calle>
        <ciudad>Madrid</ciudad> 
        <codigopsotal>28020</codigopsotal>
        <pais>España</pais>
        </direccion>
    </cliente>
    <cliente>
        <numeroCliente>67890</numeroCliente>
        <nombre>Ana Pérez</nombre>
        <direccion>
        <calle>avenida de la libertad</calle>
        <ciudad>Barcelona</ciudad>
        <codigopostal>08001</codigopostal>
        <pais>España</pais>
        </direccion>
    </cliente>
    
</clientes>
